﻿<?xml version="1.0"?>
<configuration date="2014/01/26" author="e.World Technology Ltd.">
<project id="{742A973F-A49A-4C05-916C-F0633D60D6E6}" file="F:\raghda\pmp\afro.pmp" name="afro" product="PHPMaker" version="10.0" datetime="2014/01/26 10:14:24" languagefolder="phplang" userlevel="0,&quot;Default&quot;,0">
<table id="awards" name="awards" caption="awards" userlevel="0,&quot;Default&quot;,0" priv="1"/>
<table id="careers" name="careers" caption="careers" userlevel="0,&quot;Default&quot;,0" priv="1"/>
<table id="careers_form" name="careers_form" caption="careers form" userlevel="0,&quot;Default&quot;,0" priv="1"/>
<table id="cms" name="cms" caption="cms" userlevel="0,&quot;Default&quot;,0" priv="1"/>
<table id="company_profile" name="company_profile" caption="company profile" userlevel="0,&quot;Default&quot;,0" priv="1"/>
<table id="contact_form" name="contact_form" caption="contact form" userlevel="0,&quot;Default&quot;,0" priv="1"/>
<table id="contact_map" name="contact_map" caption="contact map" userlevel="0,&quot;Default&quot;,0" priv="1"/>
<table id="contact_us" name="contact_us" caption="contact us" userlevel="0,&quot;Default&quot;,0" priv="1"/>
<table id="customers" name="customers" caption="customers" userlevel="0,&quot;Default&quot;,0" priv="1"/>
<table id="mangment_team" name="mangment_team" caption="mangment team" userlevel="0,&quot;Default&quot;,0" priv="1"/>
<table id="news" name="news" caption="news" userlevel="0,&quot;Default&quot;,0" priv="1"/>
<table id="partners" name="partners" caption="partners" userlevel="0,&quot;Default&quot;,0" priv="1"/>
<table id="services" name="services" caption="services" userlevel="0,&quot;Default&quot;,0" priv="1"/>
<table id="services_sub" name="services_sub" caption="services sub" userlevel="0,&quot;Default&quot;,0" priv="1"/>
<table id="slider" name="slider" caption="slider" userlevel="0,&quot;Default&quot;,0" priv="1"/>
<table id="success_stories" name="success_stories" caption="success stories" userlevel="0,&quot;Default&quot;,0" priv="1"/>
<table id="users" name="users" caption="users" userlevel="0,&quot;Default&quot;,0" priv="1"/>
<table id="social_media" name="social_media" caption="social media" userlevel="0,&quot;Default&quot;,0" priv="1"/>
<table id="pages" name="pages" caption="pages" userlevel="0,&quot;Default&quot;,0" priv="1"/>
</project></configuration>
